ID_IEK,Цена,Наименование,Марка,Код изделия,Завод-изготовитель,Единица измерения,Масса_Текст,Высота,Ширина,Глубина,Примечание,Источник_данных,IP,Класс,"~Un,B","Iн,A","Iр,A","tоткл,с"
#101020101001&#101020101002&#101020101003&#101020101004&#101020101005&#101020101006&#101020101007&#101020101008&#101020101009&#101020101010&#101020101011&#101020101012&#101020101013&#101020101014&#101020101015&#101020101016,,"Автоматический выключатель ВА47-29 1Р 4,5кА х-ка В ИЭК",ВА47-29 1Р-В,MVA20-1-001-B&MVA20-1-002-B&MVA20-1-003-B&MVA20-1-004-B&MVA20-1-005-B&MVA20-1-006-B&MVA20-1-008-B&MVA20-1-010-B&MVA20-1-013-B&MVA20-1-016-B&MVA20-1-020-B&MVA20-1-025-B&MVA20-1-032-B&MVA20-1-040-B&MVA20-1-050-B&MVA20-1-063-B,IEK,шт,0,84,18,74,,https://www.iek.ru/products/catalog/?page=detail&article=MVA20-1-001-B&utm_source=price&https://www.iek.ru/products/catalog/?page=detail&article=MVA20-1-002-B&utm_source=price&https://www.iek.ru/products/catalog/?page=detail&article=MVA20-1-003-B&utm_source=price&https://www.iek.ru/products/catalog/?page=detail&article=MVA20-1-004-B&utm_source=price&https://www.iek.ru/products/catalog/?page=detail&article=MVA20-1-005-B&utm_source=price&https://www.iek.ru/products/catalog/?page=detail&article=MVA20-1-006-B&utm_source=price&https://www.iek.ru/products/catalog/?page=detail&article=MVA20-1-008-B&utm_source=price&https://www.iek.ru/products/catalog/?page=detail&article=MVA20-1-010-B&utm_source=price&https://www.iek.ru/products/catalog/?page=detail&article=MVA20-1-013-B&utm_source=price&https://www.iek.ru/products/catalog/?page=detail&article=MVA20-1-016-B&utm_source=price&https://www.iek.ru/products/catalog/?page=detail&article=MVA20-1-020-B&utm_source=price&https://www.iek.ru/products/catalog/?page=detail&article=MVA20-1-025-B&utm_source=price&https://www.iek.ru/products/catalog/?page=detail&article=MVA20-1-032-B&utm_source=price&https://www.iek.ru/products/catalog/?page=detail&article=MVA20-1-040-B&utm_source=price&https://www.iek.ru/products/catalog/?page=detail&article=MVA20-1-050-B&utm_source=price&https://www.iek.ru/products/catalog/?page=detail&article=MVA20-1-063-B&utm_source=price,20,Автомат,230/400_1P,63,1&2&3&4&5&6&8&10&13&16&20&25&32&40&50&63,"0,1"
#101020101017&#101020101018&#101020101019&#101020101020&#101020101021&#101020101022&#101020101023&#101020101024&#101020101025&#101020101026&#101020101027&#101020101028&#101020101029&#101020101030&#101020101031&#101020101032,,"Автоматический выключатель ВА47-29 2Р 4,5кА х-ка В ИЭК",ВА47-29 2Р-В,MVA20-2-001-B&MVA20-2-002-B&MVA20-2-003-B&MVA20-2-004-B&MVA20-2-005-B&MVA20-2-006-B&MVA20-2-008-B&MVA20-2-010-B&MVA20-2-013-B&MVA20-2-016-B&MVA20-2-020-B&MVA20-2-025-B&MVA20-2-032-B&MVA20-2-040-B&MVA20-2-050-B&MVA20-2-063-B,IEK,шт,0,84,36,74,,https://www.iek.ru/products/catalog/?page=detail&article=MVA20-2-001-B&utm_source=price&https://www.iek.ru/products/catalog/?page=detail&article=MVA20-2-002-B&utm_source=pricee&https://www.iek.ru/products/catalog/?page=detail&article=MVA20-2-003-B&utm_source=price&https://www.iek.ru/products/catalog/?page=detail&article=MVA20-2-004-B&utm_source=price&https://www.iek.ru/products/catalog/?page=detail&article=MVA20-2-005-B&utm_source=price&https://www.iek.ru/products/catalog/?page=detail&article=MVA20-2-006-B&utm_source=price&https://www.iek.ru/products/catalog/?page=detail&article=MVA20-2-008-B&utm_source=price&https://www.iek.ru/products/catalog/?page=detail&article=MVA20-2-010-B&utm_source=price&https://www.iek.ru/products/catalog/?page=detail&article=MVA20-2-013-B&utm_source=price&https://www.iek.ru/products/catalog/?page=detail&article=MVA20-2-016-B&utm_source=pricee&https://www.iek.ru/products/catalog/?page=detail&article=MVA20-2-020-B&utm_source=price&https://www.iek.ru/products/catalog/?page=detail&article=MVA20-2-025-B&utm_source=price&https://www.iek.ru/products/catalog/?page=detail&article=MVA20-2-032-B&utm_source=price&https://www.iek.ru/products/catalog/?page=detail&article=MVA20-2-040-B&utm_source=price&https://www.iek.ru/products/catalog/?page=detail&article=MVA20-2-050-B&utm_source=price&https://www.iek.ru/products/catalog/?page=detail&article=MVA20-2-063-B&utm_source=price,20,Автомат,400_2P,63,1&2&3&4&5&6&8&10&13&16&20&25&32&40&50&63,"0,1"
#101020101033&#101020101034&#101020101035&#101020101036&#101020101037&#101020101038&#101020101039&#101020101040&#101020101041&#101020101042&#101020101043&#101020101044&#101020101045&#101020101046&#101020101047&#101020101048,,"Автоматический выключатель ВА47-29 3Р 4,5кА х-ка В ИЭК",ВА47-29 3Р-В,MVA20-3-001-B&MVA20-3-002-B&MVA20-3-003-B&MVA20-3-004-B&MVA20-3-005-B&MVA20-3-006-B&MVA20-3-008-B&MVA20-3-010-B&MVA20-3-013-B&MVA20-3-016-B&MVA20-3-020-B&MVA20-3-025-B&MVA20-3-032-B&MVA20-3-040-B&MVA20-3-050-B&MVA20-3-063-B,IEK,шт,0,84,53,74,,https://www.iek.ru/products/catalog/?page=detail&article=MVA20-3-001-B&utm_source=price&https://www.iek.ru/products/catalog/?page=detail&article=MVA20-3-002-B&utm_source=pricee&https://www.iek.ru/products/catalog/?page=detail&article=MVA20-3-003-B&utm_source=price&https://www.iek.ru/products/catalog/?page=detail&article=MVA20-3-004-B&utm_source=price&https://www.iek.ru/products/catalog/?page=detail&article=MVA20-3-005-B&utm_source=price&https://www.iek.ru/products/catalog/?page=detail&article=MVA20-3-006-B&utm_source=price&https://www.iek.ru/products/catalog/?page=detail&article=MVA20-3-008-B&utm_source=price&https://www.iek.ru/products/catalog/?page=detail&article=MVA20-3-010-B&utm_source=price&https://www.iek.ru/products/catalog/?page=detail&article=MVA20-3-013-B&utm_source=price&https://www.iek.ru/products/catalog/?page=detail&article=MVA20-3-016-B&utm_source=price&https://www.iek.ru/products/catalog/?page=detail&article=MVA20-3-020-B&utm_source=price&https://www.iek.ru/products/catalog/?page=detail&article=MVA20-3-025-B&utm_source=pricee&https://www.iek.ru/products/catalog/?page=detail&article=MVA20-3-032-B&utm_source=price&https://www.iek.ru/products/catalog/?page=detail&article=MVA20-3-040-B&utm_source=price&https://www.iek.ru/products/catalog/?page=detail&article=MVA20-3-050-B&utm_source=price&https://www.iek.ru/products/catalog/?page=detail&article=MVA20-3-063-B&utm_source=price,20,Автомат,400_3P,63,1&2&3&4&5&6&8&10&13&16&20&25&32&40&50&63,"0,1"
#101020101049&#101020101050&#101020101051&#101020101052&#101020101053&#101020101054&#101020101055&#101020101056&#101020101057&#101020101058&#101020101059&#101020101060&#101020101061&#101020101062,,"Автоматический выключатель ВА47-29 4Р 4,5кА х-ка В ИЭК",ВА47-29 4Р-В,MVA20-4-001-B&MVA20-4-002-B&MVA20-4-003-B&MVA20-4-004-B&MVA20-4-005-B&MVA20-4-006-B&MVA20-4-010-B&MVA20-4-016-B&MVA20-4-020-B&MVA20-4-025-B&MVA20-4-032-B&MVA20-4-040-B&MVA20-4-050-B&MVA20-4-063-B,IEK,шт,0,84,71,74,,https://www.iek.ru/products/catalog/?page=detail&article=MVA20-4-001-B&utm_source=price&https://www.iek.ru/products/catalog/?page=detail&article=MVA20-4-002-B&utm_source=price&https://www.iek.ru/products/catalog/?page=detail&article=MVA20-4-003-B&utm_source=price&https://www.iek.ru/products/catalog/?page=detail&article=MVA20-4-004-B&utm_source=price&https://www.iek.ru/products/catalog/?page=detail&article=MVA20-4-005-B&utm_source=price&https://www.iek.ru/products/catalog/?page=detail&article=MVA20-4-006-B&utm_source=price&https://www.iek.ru/products/catalog/?page=detail&article=MVA20-4-010-B&utm_source=price&https://www.iek.ru/products/catalog/?page=detail&article=MVA20-4-016-B&utm_source=price&https://www.iek.ru/products/catalog/?page=detail&article=MVA20-4-020-B&utm_source=price&https://www.iek.ru/products/catalog/?page=detail&article=MVA20-4-025-B&utm_source=price&https://www.iek.ru/products/catalog/?page=detail&article=MVA20-4-032-B&utm_source=price&https://www.iek.ru/products/catalog/?page=detail&article=MVA20-4-040-B&utm_source=price&https://www.iek.ru/products/catalog/?page=detail&article=MVA20-4-050-B&utm_source=price&https://www.iek.ru/products/catalog/?page=detail&article=MVA20-4-063-B&utm_source=price,20,Автомат,400_4P,63,1&2&3&4&5&6&10&13&16&20&25&32&40&50&63,"0,1"
#101020102001&#101020102002&#101020102003&#101020102004&#101020102005&#101020102006&#101020102007&#101020102008&#101020102009&#101020102010&#101020102011&#101020102012&#101020102013&#101020102014&#101020102015&#101020102016&#101020102017&#101020102018&#101020102019,,"Автоматический выключатель ВА47-29 1Р 4,5кА х-ка С ИЭК",ВА47-29 1Р-С,MVA20-1-001-C&MVA20-1-002-C&MVA20-1-003-C&MVA20-1-004-C&MVA20-1-005-C&MVA20-1-006-C&MVA20-1-008-C&MVA20-1-010-C&MVA20-1-013-C&MVA20-1-016-C&MVA20-1-020-C&MVA20-1-025-C&MVA20-1-032-C&MVA20-1-040-C&MVA20-1-050-C&MVA20-1-063-C&MVA20-1-D05-C&MVA20-1-D16-C&MVA20-1-D25-C,IEK,шт,0,84,18,74,,https://www.iek.ru/products/catalog/?page=detail&article=MVA20-1-001-C&utm_source=price&https://www.iek.ru/products/catalog/?page=detail&article=MVA20-1-002-C&utm_source=price&https://www.iek.ru/products/catalog/?page=detail&article=MVA20-1-003-C&utm_source=price&https://www.iek.ru/products/catalog/?page=detail&article=MVA20-1-004-C&utm_source=price&https://www.iek.ru/products/catalog/?page=detail&article=MVA20-1-005-C&utm_source=price&https://www.iek.ru/products/catalog/?page=detail&article=MVA20-1-006-C&utm_source=price&https://www.iek.ru/products/catalog/?page=detail&article=MVA20-1-008-C&utm_source=price&https://www.iek.ru/products/catalog/?page=detail&article=MVA20-1-010-C&utm_source=price&https://www.iek.ru/products/catalog/?page=detail&article=MVA20-1-013-C&utm_source=price&https://www.iek.ru/products/catalog/?page=detail&article=MVA20-1-016-C&utm_source=price&https://www.iek.ru/products/catalog/?page=detail&article=MVA20-1-020-C&utm_source=price&https://www.iek.ru/products/catalog/?page=detail&article=MVA20-1-025-C&utm_source=price&https://www.iek.ru/products/catalog/?page=detail&article=MVA20-1-032-C&utm_source=price&https://www.iek.ru/products/catalog/?page=detail&article=MVA20-1-040-C&utm_source=price&https://www.iek.ru/products/catalog/?page=detail&article=MVA20-1-050-C&utm_source=price&https://www.iek.ru/products/catalog/?page=detail&article=MVA20-1-063-C&utm_source=price&https://www.iek.ru/products/catalog/?page=detail&article=MVA20-1-D05-C&utm_source=price&https://www.iek.ru/products/catalog/?page=detail&article=MVA20-1-D16-C&utm_source=price&https://www.iek.ru/products/catalog/?page=detail&article=MVA20-1-D25-C&utm_source=price,20,Автомат,230/400_1P,63,"1&2&3&4&5&6&8&10&13&16&20&25&32&40&50&63&0,5&1,6&2,5","0,1"
#101020102020&#101020102021&#101020102022&#101020102023&#101020102024&#101020102025&#101020102026&#101020102027&#101020102028&#101020102029&#101020102030&#101020102031&#101020102032&#101020102033&#101020102034&#101020102035,,"Автоматический выключатель ВА47-29 2Р 4,5кА х-ка С ИЭК",ВА47-29 2Р-С,MVA20-2-001-C&MVA20-2-002-C&MVA20-2-003-C&MVA20-2-004-C&MVA20-2-005-C&MVA20-2-006-C&MVA20-2-008-C&MVA20-2-010-C&MVA20-2-013-C&MVA20-2-016-C&MVA20-2-020-C&MVA20-2-025-C&MVA20-2-032-C&MVA20-2-040-C&MVA20-2-050-C&MVA20-2-063-C,IEK,шт,0,84,36,74,,https://www.iek.ru/products/catalog/?page=detail&article=MVA20-2-001-C&utm_source=price&https://www.iek.ru/products/catalog/?page=detail&article=MVA20-2-002-C&utm_source=price&https://www.iek.ru/products/catalog/?page=detail&article=MVA20-2-003-C&utm_source=price&https://www.iek.ru/products/catalog/?page=detail&article=MVA20-2-004-C&utm_source=price&https://www.iek.ru/products/catalog/?page=detail&article=MVA20-2-005-C&utm_source=price&https://www.iek.ru/products/catalog/?page=detail&article=MVA20-2-006-C&utm_source=price&https://www.iek.ru/products/catalog/?page=detail&article=MVA20-2-008-C&utm_source=price&https://www.iek.ru/products/catalog/?page=detail&article=MVA20-2-010-C&utm_source=price&https://www.iek.ru/products/catalog/?page=detail&article=MVA20-2-013-C&utm_source=price&https://www.iek.ru/products/catalog/?page=detail&article=MVA20-2-016-C&utm_source=price&https://www.iek.ru/products/catalog/?page=detail&article=MVA20-2-020-C&utm_source=price&https://www.iek.ru/products/catalog/?page=detail&article=MVA20-2-025-C&utm_source=price&https://www.iek.ru/products/catalog/?page=detail&article=MVA20-2-032-C&utm_source=price&https://www.iek.ru/products/catalog/?page=detail&article=MVA20-2-040-C&utm_source=price&https://www.iek.ru/products/catalog/?page=detail&article=MVA20-2-050-C&utm_source=price&https://www.iek.ru/products/catalog/?page=detail&article=MVA20-2-063-C&utm_source=price,20,Автомат,400_2P,63,1&2&3&4&5&6&8&10&13&16&20&25&32&40&50&63,"0,1"
#101020102036&#101020102037&#101020102038&#101020102039&#101020102040&#101020102041&#101020102042&#101020102043&#101020102044&#101020102045&#101020102046&#101020102047&#101020102048&#101020102049&#101020102050&#101020102051,,"Автоматический выключатель ВА47-29 3Р 4,5кА х-ка С ИЭК",ВА47-29 3Р-С,MVA20-3-001-C&MVA20-3-002-C&MVA20-3-003-C&MVA20-3-004-C&MVA20-3-005-C&MVA20-3-006-C&MVA20-3-008-C&MVA20-3-010-C&MVA20-3-013-C&MVA20-3-016-C&MVA20-3-020-C&MVA20-3-025-C&MVA20-3-032-C&MVA20-3-040-C&MVA20-3-050-C&MVA20-3-063-C,IEK,шт,0,84,53,74,,https://www.iek.ru/products/catalog/?page=detail&article=MVA20-3-001-C&utm_source=price&https://www.iek.ru/products/catalog/?page=detail&article=MVA20-3-002-C&utm_source=price&https://www.iek.ru/products/catalog/?page=detail&article=MVA20-3-003-C&utm_source=price&https://www.iek.ru/products/catalog/?page=detail&article=MVA20-3-004-C&utm_source=price&https://www.iek.ru/products/catalog/?page=detail&article=MVA20-3-005-C&utm_source=price&https://www.iek.ru/products/catalog/?page=detail&article=MVA20-3-006-C&utm_source=price&https://www.iek.ru/products/catalog/?page=detail&article=MVA20-3-008-C&utm_source=price&https://www.iek.ru/products/catalog/?page=detail&article=MVA20-3-010-C&utm_source=price&https://www.iek.ru/products/catalog/?page=detail&article=MVA20-3-013-C&utm_source=price&https://www.iek.ru/products/catalog/?page=detail&article=MVA20-3-016-C&utm_source=price&https://www.iek.ru/products/catalog/?page=detail&article=MVA20-3-020-C&utm_source=price&https://www.iek.ru/products/catalog/?page=detail&article=MVA20-3-025-C&utm_source=price&https://www.iek.ru/products/catalog/?page=detail&article=MVA20-3-032-C&utm_source=price&https://www.iek.ru/products/catalog/?page=detail&article=MVA20-3-040-C&utm_source=price&https://www.iek.ru/products/catalog/?page=detail&article=MVA20-3-050-C&utm_source=price&https://www.iek.ru/products/catalog/?page=detail&article=MVA20-3-063-C&utm_source=price,20,Автомат,400_3P,63,1&2&3&4&5&6&8&10&13&16&20&25&32&40&50&63,"0,1"
#101020102052&#101020102053&#101020102054&#101020102055&#101020102056&#101020102057&#101020102058&#101020102059&#101020102060&#101020102061&#101020102062&#101020102063&#101020102064&#101020102065&#101020102066&#101020102067,,"Автоматический выключатель ВА47-29 4Р 4,5кА х-ка С ИЭК",ВА47-29 4Р-С,MVA20-4-001-C&MVA20-4-002-C&MVA20-4-003-C&MVA20-4-004-C&MVA20-4-005-C&MVA20-4-006-C&MVA20-4-008-C&MVA20-4-010-C&MVA20-4-013-C&MVA20-4-016-C&MVA20-4-020-C&MVA20-4-025-C&MVA20-4-032-C&MVA20-4-040-C&MVA20-4-050-C&MVA20-4-063-C,IEK,шт,0,84,71,74,,https://www.iek.ru/products/catalog/?page=detail&article=MVA20-4-001-C&utm_source=price&https://www.iek.ru/products/catalog/?page=detail&article=MVA20-4-002-C&utm_source=price&https://www.iek.ru/products/catalog/?page=detail&article=MVA20-4-003-C&utm_source=price&https://www.iek.ru/products/catalog/?page=detail&article=MVA20-4-004-C&utm_source=price&https://www.iek.ru/products/catalog/?page=detail&article=MVA20-4-005-C&utm_source=price&https://www.iek.ru/products/catalog/?page=detail&article=MVA20-4-006-C&utm_source=price&https://www.iek.ru/products/catalog/?page=detail&article=MVA20-4-008-C&utm_source=price&https://www.iek.ru/products/catalog/?page=detail&article=MVA20-4-010-C&utm_source=price&https://www.iek.ru/products/catalog/?page=detail&article=MVA20-4-013-C&utm_source=price&https://www.iek.ru/products/catalog/?page=detail&article=MVA20-4-016-C&utm_source=price&https://www.iek.ru/products/catalog/?page=detail&article=MVA20-4-020-C&utm_source=price&https://www.iek.ru/products/catalog/?page=detail&article=MVA20-4-025-C&utm_source=price&https://www.iek.ru/products/catalog/?page=detail&article=MVA20-4-032-C&utm_source=price&https://www.iek.ru/products/catalog/?page=detail&article=MVA20-4-040-C&utm_source=price&https://www.iek.ru/products/catalog/?page=detail&article=MVA20-4-050-C&utm_source=price&https://www.iek.ru/products/catalog/?page=detail&article=MVA20-4-063-C&utm_source=price,20,Автомат,400_4P,63,1&2&3&4&5&6&8&10&13&16&20&25&32&40&50&63,"0,1"
#101020103001&#101020103002&#101020103003&#101020103004&#101020103005&#101020103006&#101020103007&#101020103008&#101020103009&#101020103010&#101020103011&#101020103012&#101020103013&#101020103014&#101020103015&#101020103016,,"Автоматический выключатель ВА47-29 1Р 4,5кА х-ка D ИЭК",ВА47-29 1Р-D,MVA20-1-001-D&MVA20-1-002-D&MVA20-1-003-D&MVA20-1-004-D&MVA20-1-005-D&MVA20-1-006-D&MVA20-1-008-D&MVA20-1-010-D&MVA20-1-013-D&MVA20-1-016-D&MVA20-1-020-D&MVA20-1-025-D&MVA20-1-032-D&MVA20-1-040-D&MVA20-1-050-D&MVA20-1-063-D,IEK,шт,0,84,18,74,,https://www.iek.ru/products/catalog/?page=detail&article=MVA20-1-001-D&utm_source=price&https://www.iek.ru/products/catalog/?page=detail&article=MVA20-1-002-D&utm_source=price&https://www.iek.ru/products/catalog/?page=detail&article=MVA20-1-003-D&utm_source=price&https://www.iek.ru/products/catalog/?page=detail&article=MVA20-1-004-D&utm_source=price&https://www.iek.ru/products/catalog/?page=detail&article=MVA20-1-005-D&utm_source=price&https://www.iek.ru/products/catalog/?page=detail&article=MVA20-1-006-D&utm_source=price&https://www.iek.ru/products/catalog/?page=detail&article=MVA20-1-008-D&utm_source=price&https://www.iek.ru/products/catalog/?page=detail&article=MVA20-1-010-D&utm_source=price&https://www.iek.ru/products/catalog/?page=detail&article=MVA20-1-013-D&utm_source=price&https://www.iek.ru/products/catalog/?page=detail&article=MVA20-1-016-D&utm_source=price&https://www.iek.ru/products/catalog/?page=detail&article=MVA20-1-020-D&utm_source=price&https://www.iek.ru/products/catalog/?page=detail&article=MVA20-1-025-D&utm_source=price&https://www.iek.ru/products/catalog/?page=detail&article=MVA20-1-032-D&utm_source=price&https://www.iek.ru/products/catalog/?page=detail&article=MVA20-1-040-D&utm_source=price&https://www.iek.ru/products/catalog/?page=detail&article=MVA20-1-050-D&utm_source=price&https://www.iek.ru/products/catalog/?page=detail&article=MVA20-1-063-D&utm_source=price,20,Автомат,230/400_1P,63,1&2&3&4&5&6&8&10&13&16&20&25&32&40&50&63,"0,1"
#101020103017&#101020103018&#101020103019&#101020103020&#101020103021&#101020103022&#101020103023&#101020103024&#101020103025&#101020103026&#101020103027&#101020103028&#101020103029&#101020103030&#101020103031&#101020103032,,"Автоматический выключатель ВА47-29 2Р 4,5кА х-ка D ИЭК",ВА47-29 2Р-D,MVA20-2-001-D&MVA20-2-002-D&MVA20-2-003-D&MVA20-2-004-D&MVA20-2-005-D&MVA20-2-006-D&MVA20-2-008-D&MVA20-2-010-D&MVA20-2-013-D&MVA20-2-016-D&MVA20-2-020-D&MVA20-2-025-D&MVA20-2-032-D&MVA20-2-040-D&MVA20-2-050-D&MVA20-2-063-D,IEK,шт,0,84,36,74,,https://www.iek.ru/products/catalog/?page=detail&article=MVA20-2-001-D&utm_source=price&https://www.iek.ru/products/catalog/?page=detail&article=MVA20-2-002-D&utm_source=price&https://www.iek.ru/products/catalog/?page=detail&article=MVA20-2-003-D&utm_source=price&https://www.iek.ru/products/catalog/?page=detail&article=MVA20-2-004-D&utm_source=price&https://www.iek.ru/products/catalog/?page=detail&article=MVA20-2-005-D&utm_source=price&https://www.iek.ru/products/catalog/?page=detail&article=MVA20-2-006-D&utm_source=price&https://www.iek.ru/products/catalog/?page=detail&article=MVA20-2-008-D&utm_source=price&https://www.iek.ru/products/catalog/?page=detail&article=MVA20-2-010-D&utm_source=price&https://www.iek.ru/products/catalog/?page=detail&article=MVA20-2-013-D&utm_source=price&https://www.iek.ru/products/catalog/?page=detail&article=MVA20-2-016-D&utm_source=price&https://www.iek.ru/products/catalog/?page=detail&article=MVA20-2-020-D&utm_source=price&https://www.iek.ru/products/catalog/?page=detail&article=MVA20-2-025-D&utm_source=price&https://www.iek.ru/products/catalog/?page=detail&article=MVA20-2-032-D&utm_source=price&https://www.iek.ru/products/catalog/?page=detail&article=MVA20-2-040-D&utm_source=price&https://www.iek.ru/products/catalog/?page=detail&article=MVA20-2-050-D&utm_source=price&https://www.iek.ru/products/catalog/?page=detail&article=MVA20-2-063-D&utm_source=price,20,Автомат,400_2P,63,1&2&3&4&5&6&8&10&13&16&20&25&32&40&50&63,"0,1"
#101020103033&#101020103034&#101020103035&#101020103036&#101020103037&#101020103038&#101020103039&#101020103040&#101020103041&#101020103042&#101020103043&#101020103044&#101020103045&#101020103046&#101020103047&#101020103048,,"Автоматический выключатель ВА47-29 3Р 4,5кА х-ка D ИЭК",ВА47-29 3Р-D,MVA20-3-001-D&MVA20-3-002-D&MVA20-3-003-D&MVA20-3-004-D&MVA20-3-005-D&MVA20-3-006-D&MVA20-3-008-D&MVA20-3-010-D&MVA20-3-013-D&MVA20-3-016-D&MVA20-3-020-D&MVA20-3-025-D&MVA20-3-032-D&MVA20-3-040-D&MVA20-3-050-D&MVA20-3-063-D,IEK,шт,0,84,53,74,,https://www.iek.ru/products/catalog/?page=detail&article=MVA20-3-001-D&utm_source=price&https://www.iek.ru/products/catalog/?page=detail&article=MVA20-3-002-D&utm_source=price&https://www.iek.ru/products/catalog/?page=detail&article=MVA20-3-003-D&utm_source=price&https://www.iek.ru/products/catalog/?page=detail&article=MVA20-3-004-D&utm_source=price&https://www.iek.ru/products/catalog/?page=detail&article=MVA20-3-005-D&utm_source=price&https://www.iek.ru/products/catalog/?page=detail&article=MVA20-3-006-D&utm_source=price&https://www.iek.ru/products/catalog/?page=detail&article=MVA20-3-008-D&utm_source=price&https://www.iek.ru/products/catalog/?page=detail&article=MVA20-3-010-D&utm_source=price&https://www.iek.ru/products/catalog/?page=detail&article=MVA20-3-013-D&utm_source=price&https://www.iek.ru/products/catalog/?page=detail&article=MVA20-3-016-D&utm_source=price&https://www.iek.ru/products/catalog/?page=detail&article=MVA20-3-020-D&utm_source=price&https://www.iek.ru/products/catalog/?page=detail&article=MVA20-3-025-D&utm_source=price&https://www.iek.ru/products/catalog/?page=detail&article=MVA20-3-032-D&utm_source=price&https://www.iek.ru/products/catalog/?page=detail&article=MVA20-3-040-D&utm_source=price&https://www.iek.ru/products/catalog/?page=detail&article=MVA20-3-050-D&utm_source=price&https://www.iek.ru/products/catalog/?page=detail&article=MVA20-3-063-D&utm_source=price,20,Автомат,400_3P,63,1&2&3&4&5&6&8&10&13&16&20&25&32&40&50&63,"0,1"
#101020103049&#101020103050&#101020103051&#101020103052&#101020103053&#101020103054&#101020103055&#101020103056&#101020103057&#101020103058&#101020103059&#101020103060&#101020103061&#101020103062&#101020103063,,"Автоматический выключатель ВА47-29 4Р 4,5кА х-ка D ИЭК",ВА47-29 4Р-D,MVA20-4-001-D&MVA20-4-002-D&MVA20-4-004-D&MVA20-4-005-D&MVA20-4-006-D&MVA20-4-008-D&MVA20-4-010-D&MVA20-4-013-D&MVA20-4-016-D&MVA20-4-020-D&MVA20-4-025-D&MVA20-4-032-D&MVA20-4-040-D&MVA20-4-050-D&MVA20-4-063-D,IEK,шт,0,84,71,74,,https://www.iek.ru/products/catalog/?page=detail&article=MVA20-4-001-D&utm_source=price&https://www.iek.ru/products/catalog/?page=detail&article=MVA20-4-002-D&utm_source=price&https://www.iek.ru/products/catalog/?page=detail&article=MVA20-4-004-D&utm_source=price&https://www.iek.ru/products/catalog/?page=detail&article=MVA20-4-005-D&utm_source=price&https://www.iek.ru/products/catalog/?page=detail&article=MVA20-4-006-D&utm_source=price&https://www.iek.ru/products/catalog/?page=detail&article=MVA20-4-008-D&utm_source=price&https://www.iek.ru/products/catalog/?page=detail&article=MVA20-4-010-D&utm_source=price&https://www.iek.ru/products/catalog/?page=detail&article=MVA20-4-013-D&utm_source=price&https://www.iek.ru/products/catalog/?page=detail&article=MVA20-4-016-D&utm_source=price&https://www.iek.ru/products/catalog/?page=detail&article=MVA20-4-020-D&utm_source=price&https://www.iek.ru/products/catalog/?page=detail&article=MVA20-4-025-D&utm_source=price&https://www.iek.ru/products/catalog/?page=detail&article=MVA20-4-032-D&utm_source=price&https://www.iek.ru/products/catalog/?page=detail&article=MVA20-4-040-D&utm_source=price&https://www.iek.ru/products/catalog/?page=detail&article=MVA20-4-050-D&utm_source=price&https://www.iek.ru/products/catalog/?page=detail&article=MVA20-4-063-D&utm_source=price,20,Автомат,400_4P,63,1&2&4&5&6&8&10&13&16&20&25&32&40&50&63,"0,1"
#101030200001&#101030200002&#101030200003&#101030200004&#101030200005&#101030200006&#101030200007&#101030200008&#101030200009,,,ВА47-29 1Р-С,MVA25-1-006-C&MVA25-1-010-C&MVA25-1-016-C&MVA25-1-020-C&MVA25-1-025-C&MVA25-1-032-C&MVA25-1-040-C&MVA25-1-050-C&MVA25-1-063-C,IEK,шт,0,#Н/Д,#Н/Д,#Н/Д,,http://generica.su/catalog/?page=detail&article=MVA25-1-006-C&utm_source=price&http://generica.su/catalog/?page=detail&article=MVA25-1-010-C&utm_source=price&http://generica.su/catalog/?page=detail&article=MVA25-1-016-C&utm_source=price&http://generica.su/catalog/?page=detail&article=MVA25-1-020-C&utm_source=price&http://generica.su/catalog/?page=detail&article=MVA25-1-025-C&utm_source=price&http://generica.su/catalog/?page=detail&article=MVA25-1-032-C&utm_source=price&http://generica.su/catalog/?page=detail&article=MVA25-1-040-C&utm_source=price&http://generica.su/catalog/?page=detail&article=MVA25-1-050-C&utm_source=price&http://generica.su/catalog/?page=detail&article=MVA25-1-063-C&utm_source=price,20,Автомат,#Н/Д,63,6&10&16&20&25&32&40&50&63,"0,1"
#101030200010&#101030200011&#101030200012&#101030200013&#101030200014&#101030200015&#101030200016&#101030200017&#101030200018,,,ВА47-29 2Р-С,MVA25-2-006-C&MVA25-2-010-C&MVA25-2-016-C&MVA25-2-020-C&MVA25-2-025-C&MVA25-2-032-C&MVA25-2-040-C&MVA25-2-050-C&MVA25-2-063-C,IEK,шт,0,#Н/Д,#Н/Д,#Н/Д,,http://generica.su/catalog/?page=detail&article=MVA25-2-006-C&utm_source=price&http://generica.su/catalog/?page=detail&article=MVA25-2-010-C&utm_source=price&http://generica.su/catalog/?page=detail&article=MVA25-2-016-C&utm_source=price&http://generica.su/catalog/?page=detail&article=MVA25-2-020-C&utm_source=price&http://generica.su/catalog/?page=detail&article=MVA25-2-025-C&utm_source=price&http://generica.su/catalog/?page=detail&article=MVA25-2-032-C&utm_source=price&http://generica.su/catalog/?page=detail&article=MVA25-2-040-C&utm_source=price&http://generica.su/catalog/?page=detail&article=MVA25-2-050-C&utm_source=price&http://generica.su/catalog/?page=detail&article=MVA25-2-063-C&utm_source=price,20,Автомат,#Н/Д,63,6&10&16&20&25&32&40&50&63,"0,1"
#101030200019&#101030200020&#101030200021&#101030200022&#101030200023&#101030200024&#101030200025&#101030200026&#101030200027,,,ВА47-29 3Р-С,MVA25-3-006-C&MVA25-3-010-C&MVA25-3-016-C&MVA25-3-020-C&MVA25-3-025-C&MVA25-3-032-C&MVA25-3-040-C&MVA25-3-050-C&MVA25-3-063-C,IEK,шт,0,#Н/Д,#Н/Д,#Н/Д,,http://generica.su/catalog/?page=detail&article=MVA25-3-006-C&utm_source=price&http://generica.su/catalog/?page=detail&article=MVA25-3-010-C&utm_source=price&http://generica.su/catalog/?page=detail&article=MVA25-3-016-C&utm_source=price&http://generica.su/catalog/?page=detail&article=MVA25-3-020-C&utm_source=price&http://generica.su/catalog/?page=detail&article=MVA25-3-025-C&utm_source=price&http://generica.su/catalog/?page=detail&article=MVA25-3-032-C&utm_source=price&http://generica.su/catalog/?page=detail&article=MVA25-3-040-C&utm_source=price&http://generica.su/catalog/?page=detail&article=MVA25-3-050-C&utm_source=price&http://generica.su/catalog/?page=detail&article=MVA25-3-063-C&utm_source=price,20,Автомат,#Н/Д,63,6&10&16&20&25&32&40&50&63,"0,1"
#101020201032&#101020201033&#101020201034,,Автоматический выключатель ВА47-60 1Р 6кА х-ка B IEK,ВА47-60 1Р-B,MVA41-1-020-B&MVA41-1-025-B&MVA41-1-032-B,IEK,шт,0,84,18,71,,https://www.iek.ru/products/catalog/?page=detail&article=MVA41-1-020-B&utm_source=price&https://www.iek.ru/products/catalog/?page=detail&article=MVA41-1-025-B&utm_source=price&https://www.iek.ru/products/catalog/?page=detail&article=MVA41-1-032-B&utm_source=price,20,Автомат,230/400_1P,32,20&25&32,"0,1"
#101020201035&#101020201036&#101020201037&#101020201038,,Автоматический выключатель ВА47-60 2Р 6кА х-ка B IEK,ВА47-60 2Р-B,MVA41-2-006-B&MVA41-2-016-B&MVA41-2-020-B&MVA41-2-025-B,IEK,шт,0,84,36,71,,https://www.iek.ru/products/catalog/?page=detail&article=MVA41-2-006-B&utm_source=price&https://www.iek.ru/products/catalog/?page=detail&article=MVA41-2-016-B&utm_source=price&https://www.iek.ru/products/catalog/?page=detail&article=MVA41-2-020-B&utm_source=price&https://www.iek.ru/products/catalog/?page=detail&article=MVA41-2-025-B&utm_source=price,20,Автомат,400_2P,25,6&16&20&25,"0,1"
#101020201039&#101020201040&#101020201041&#101020201042&#101020201043&#101020201044,,Автоматический выключатель ВА47-60 3Р 6кА х-ка B IEK,ВА47-60 3Р-B,MVA41-3-010-B&MVA41-3-016-B&MVA41-3-020-B&MVA41-3-025-B&MVA41-3-050-B&MVA41-3-063-B,IEK,шт,0,84,53,71,,https://www.iek.ru/products/catalog/?page=detail&article=MVA41-3-010-B&utm_source=price&https://www.iek.ru/products/catalog/?page=detail&article=MVA41-3-016-B&utm_source=price&https://www.iek.ru/products/catalog/?page=detail&article=MVA41-3-020-B&utm_source=price&https://www.iek.ru/products/catalog/?page=detail&article=MVA41-3-025-B&utm_source=price&https://www.iek.ru/products/catalog/?page=detail&article=MVA41-3-050-B&utm_source=price&https://www.iek.ru/products/catalog/?page=detail&article=MVA41-3-063-B&utm_source=price,20,Автомат,400_3P,63,10&16&20&25&50&63,"0,1"
#101020201045&#101020201046&#101020201047&#101020201048&#101020201049&#101020201050&#101020201051&#101020201052&#101020201053&#101020201054,,Автоматический выключатель ВА47-60 1Р 6кА х-ка С IEK,ВА47-60 1Р-С,MVA41-1-001-C&MVA41-1-005-C&MVA41-1-006-C&MVA41-1-010-C&MVA41-1-016-C&MVA41-1-025-C&MVA41-1-032-C&MVA41-1-040-C&MVA41-1-050-C&MVA41-1-063-C,IEK,шт,0,84,18,71,,https://www.iek.ru/products/catalog/?page=detail&article=MVA41-1-001-C&utm_source=price&https://www.iek.ru/products/catalog/?page=detail&article=MVA41-1-005-C&utm_source=price&https://www.iek.ru/products/catalog/?page=detail&article=MVA41-1-006-C&utm_source=price&https://www.iek.ru/products/catalog/?page=detail&article=MVA41-1-010-C&utm_source=price&https://www.iek.ru/products/catalog/?page=detail&article=MVA41-1-016-C&utm_source=price&https://www.iek.ru/products/catalog/?page=detail&article=MVA41-1-025-C&utm_source=price&https://www.iek.ru/products/catalog/?page=detail&article=MVA41-1-032-C&utm_source=price&https://www.iek.ru/products/catalog/?page=detail&article=MVA41-1-040-C&utm_source=price&https://www.iek.ru/products/catalog/?page=detail&article=MVA41-1-050-C&utm_source=price&https://www.iek.ru/products/catalog/?page=detail&article=MVA41-1-063-C&utm_source=price,20,Автомат,230/400_1P,63,1&5&6&10&16&25&32&40&50&63,"0,1"
#101020201055&#101020201056&#101020201057&#101020201058&#101020201059&#101020201060&#101020201061&#101020201062&#101020201063&#101020201064&#101020201065&#101020201066,,Автоматический выключатель ВА47-60 2Р 6кА х-ка С IEK,ВА47-60 2Р-С,MVA41-2-001-C&MVA41-2-002-C&MVA41-2-003-C&MVA41-2-004-C&MVA41-2-005-C&MVA41-2-010-C&MVA41-2-016-C&MVA41-2-020-C&MVA41-2-025-C&MVA41-2-032-C&MVA41-2-040-C&MVA41-2-063-C,IEK,шт,0,84,36,71,,https://www.iek.ru/products/catalog/?page=detail&article=MVA41-2-001-C&utm_source=price&https://www.iek.ru/products/catalog/?page=detail&article=MVA41-2-002-C&utm_source=price&https://www.iek.ru/products/catalog/?page=detail&article=MVA41-2-003-C&utm_source=price&https://www.iek.ru/products/catalog/?page=detail&article=MVA41-2-004-C&utm_source=price&https://www.iek.ru/products/catalog/?page=detail&article=MVA41-2-005-C&utm_source=price&https://www.iek.ru/products/catalog/?page=detail&article=MVA41-2-010-C&utm_source=price&https://www.iek.ru/products/catalog/?page=detail&article=MVA41-2-016-C&utm_source=price&https://www.iek.ru/products/catalog/?page=detail&article=MVA41-2-020-C&utm_source=price&https://www.iek.ru/products/catalog/?page=detail&article=MVA41-2-025-C&utm_source=price&https://www.iek.ru/products/catalog/?page=detail&article=MVA41-2-032-C&utm_source=price&https://www.iek.ru/products/catalog/?page=detail&article=MVA41-2-040-C&utm_source=price&https://www.iek.ru/products/catalog/?page=detail&article=MVA41-2-063-C&utm_source=price,20,Автомат,400_2P,63,1&2&3&4&5&10&16&20&25&32&40&63,"0,1"
#101020201067&#101020201068&#101020201069&#101020201070&#101020201071&#101020201072&#101020201073&#101020201074&#101020201075&#101020201076&#101020201077,,Автоматический выключатель ВА47-60 3Р 6кА х-ка С IEK,ВА47-60 3Р-С,MVA41-3-001-C&MVA41-3-002-C&MVA41-3-004-C&MVA41-3-005-C&MVA41-3-010-C&MVA41-3-016-C&MVA41-3-020-C&MVA41-3-025-C&MVA41-3-032-C&MVA41-3-040-C&MVA41-3-050-C,IEK,шт,0,84,53,71,,https://www.iek.ru/products/catalog/?page=detail&article=MVA41-3-001-C&utm_source=price&https://www.iek.ru/products/catalog/?page=detail&article=MVA41-3-002-C&utm_source=price&https://www.iek.ru/products/catalog/?page=detail&article=MVA41-3-004-C&utm_source=price&https://www.iek.ru/products/catalog/?page=detail&article=MVA41-3-005-C&utm_source=price&https://www.iek.ru/products/catalog/?page=detail&article=MVA41-3-010-C&utm_source=price&https://www.iek.ru/products/catalog/?page=detail&article=MVA41-3-016-C&utm_source=price&https://www.iek.ru/products/catalog/?page=detail&article=MVA41-3-020-C&utm_source=price&https://www.iek.ru/products/catalog/?page=detail&article=MVA41-3-025-C&utm_source=price&https://www.iek.ru/products/catalog/?page=detail&article=MVA41-3-032-C&utm_source=price&https://www.iek.ru/products/catalog/?page=detail&article=MVA41-3-040-C&utm_source=price&https://www.iek.ru/products/catalog/?page=detail&article=MVA41-3-050-C&utm_source=price,20,Автомат,400_3P,50,1&2&4&5&10&16&20&25&32&40&50,"0,1"
#101020201078,,Автоматический выключатель ВА47-60 4Р 6кА х-ка С ИЭК,ВА47-60 4Р-С,MVA41-4-032-C,IEK,шт,0,84,71,71,,https://www.iek.ru/products/catalog/?page=detail&article=MVA41-4-032-C&utm_source=price,20,Автомат,400_4P,32,32,"0,1"
#101020201079&#101020201080&#101020201081&#101020201082,,Автоматический выключатель ВА47-60 1Р 6кА х-ка D IEK,ВА47-60 1Р-D,MVA41-1-002-D&MVA41-1-010-D&MVA41-1-020-D&MVA41-1-040-D,IEK,шт,0,84,18,71,,https://www.iek.ru/products/catalog/?page=detail&article=MVA41-1-002-D&utm_source=price,20,Автомат,230/400_1P,40,2&10&20&40,"0,1"
#101020201083&#101020201084&#101020201085&#101020201086,,Автоматический выключатель ВА47-60 2Р 6кА х-ка D IEK,ВА47-60 2Р-D,MVA41-2-002-D&MVA41-2-025-D&MVA41-2-063-D,IEK,шт,0,84,36,71,,https://www.iek.ru/products/catalog/?page=detail&article=MVA41-2-002-D&utm_source=price&https://www.iek.ru/products/catalog/?page=detail&article=MVA41-2-025-D&utm_source=price&https://www.iek.ru/products/catalog/?page=detail&article=MVA41-2-063-D&utm_source=price,20,Автомат,400_2P,63,2&25&63,"0,1"
#101020201086&#101020201087&#101020201088&#101020201089,,Автоматический выключатель ВА47-60 3Р 6кА х-ка D IEK,ВА47-60 3Р-D,MVA41-3-002-D&MVA41-3-016-D&MVA41-3-025-D&MVA41-3-040-D,IEK,шт,0,84,53,71,,https://www.iek.ru/products/catalog/?page=detail&article=MVA41-3-002-D&utm_source=price&https://www.iek.ru/products/catalog/?page=detail&article=MVA41-3-016-D&utm_source=price&https://www.iek.ru/products/catalog/?page=detail&article=MVA41-3-025-D&utm_source=price&https://www.iek.ru/products/catalog/?page=detail&article=MVA41-3-040-D&utm_source=price,20,Автомат,400_3P,63,2&16&25&40,"0,1"
#101020201090&#101020201091&#101020201092&#101020201093&#101020201094&#101020201095&#101020201096&#101020201097&#101020201098&#101020201099&#101020201100&#101020201101&#101020201102&#101020201103,,Автоматический выключатель ВА47-60M 1Р 6кА х-ка B IEK,ВА47-60M 1Р-B,MVA31-1-001-B&MVA31-1-002-B&MVA31-1-003-B&MVA31-1-004-B&MVA31-1-005-B&MVA31-1-006-B&MVA31-1-010-B&MVA31-1-016-B&MVA31-1-020-B&MVA31-1-025-B&MVA31-1-032-B&MVA31-1-040-B&MVA31-1-050-B&MVA31-1-063-B,IEK,шт,0,84,18,71,,https://www.iek.ru/products/catalog/?page=detail&article=MVA31-1-001-B&utm_source=price&https://www.iek.ru/products/catalog/?page=detail&article=MVA31-1-002-B&utm_source=price&https://www.iek.ru/products/catalog/?page=detail&article=MVA31-1-003-B&utm_source=price&https://www.iek.ru/products/catalog/?page=detail&article=MVA31-1-004-B&utm_source=price&https://www.iek.ru/products/catalog/?page=detail&article=MVA31-1-005-B&utm_source=price&https://www.iek.ru/products/catalog/?page=detail&article=MVA31-1-006-B&utm_source=price&https://www.iek.ru/products/catalog/?page=detail&article=MVA31-1-010-B&utm_source=price&https://www.iek.ru/products/catalog/?page=detail&article=MVA31-1-016-B&utm_source=price&https://www.iek.ru/products/catalog/?page=detail&article=MVA31-1-020-B&utm_source=price&https://www.iek.ru/products/catalog/?page=detail&article=MVA31-1-025-B&utm_source=price&https://www.iek.ru/products/catalog/?page=detail&article=MVA31-1-032-B&utm_source=price&https://www.iek.ru/products/catalog/?page=detail&article=MVA31-1-040-B&utm_source=price&https://www.iek.ru/products/catalog/?page=detail&article=MVA31-1-050-B&utm_source=price&https://www.iek.ru/products/catalog/?page=detail&article=MVA31-1-063-B&utm_source=price,20,Автомат,230/400_1P,63,1&2&3&4&5&6&10&16&20&25&32&40&50&63,"0,1"
#101020201104&#101020201105&#101020201106&#101020201107&#101020201108&#101020201109&#101020201110&#101020201111&#101020201112&#101020201113&#101020201114&#101020201115&#101020201116&#101020201117,,Автоматический выключатель ВА47-60M 2Р 6кА х-ка B IEK,ВА47-60M 2Р-B,MVA31-2-001-B&MVA31-2-002-B&MVA31-2-003-B&MVA31-2-004-B&MVA31-2-005-B&MVA31-2-006-B&MVA31-2-010-B&MVA31-2-016-B&MVA31-2-020-B&MVA31-2-025-B&MVA31-2-032-B&MVA31-2-040-B&MVA31-2-050-B&MVA31-2-063-B,IEK,шт,0,84,36,71,,https://www.iek.ru/products/catalog/?page=detail&article=MVA31-2-001-B&utm_source=price&https://www.iek.ru/products/catalog/?page=detail&article=MVA31-2-002-B&utm_source=price&https://www.iek.ru/products/catalog/?page=detail&article=MVA31-2-003-B&utm_source=price&https://www.iek.ru/products/catalog/?page=detail&article=MVA31-2-004-B&utm_source=price&https://www.iek.ru/products/catalog/?page=detail&article=MVA31-2-005-B&utm_source=price&https://www.iek.ru/products/catalog/?page=detail&article=MVA31-2-006-B&utm_source=price&https://www.iek.ru/products/catalog/?page=detail&article=MVA31-2-010-B&utm_source=price&https://www.iek.ru/products/catalog/?page=detail&article=MVA31-2-016-B&utm_source=price&https://www.iek.ru/products/catalog/?page=detail&article=MVA31-2-020-B&utm_source=price&https://www.iek.ru/products/catalog/?page=detail&article=MVA31-2-025-B&utm_source=price&https://www.iek.ru/products/catalog/?page=detail&article=MVA31-2-032-B&utm_source=price&https://www.iek.ru/products/catalog/?page=detail&article=MVA31-2-040-B&utm_source=price&https://www.iek.ru/products/catalog/?page=detail&article=MVA31-2-050-B&utm_source=price&https://www.iek.ru/products/catalog/?page=detail&article=MVA31-2-063-B&utm_source=price,20,Автомат,400_2P,63,1&2&3&4&5&6&10&16&20&25&32&40&50&63,"0,1"
#101020201118&#101020201119&#101020201120&#101020201121&#101020201122&#101020201123&#101020201124&#101020201125&#101020201126&#101020201127&#101020201128&#101020201129&#101020201130&#101020201131,,Автоматический выключатель ВА47-60M 3Р 6кА х-ка B IEK,ВА47-60M 3Р-B,MVA31-3-001-B&MVA31-3-002-B&MVA31-3-003-B&MVA31-3-004-B&MVA31-3-005-B&MVA31-3-006-B&MVA31-3-010-B&MVA31-3-016-B&MVA31-3-020-B&MVA31-3-025-B&MVA31-3-032-B&MVA31-3-040-B&MVA31-3-050-B&MVA31-3-063-B,IEK,шт,0,84,53,71,,https://www.iek.ru/products/catalog/?page=detail&article=MVA31-3-001-B&utm_source=price&https://www.iek.ru/products/catalog/?page=detail&article=MVA31-3-002-B&utm_source=price&https://www.iek.ru/products/catalog/?page=detail&article=MVA31-3-003-B&utm_source=price&https://www.iek.ru/products/catalog/?page=detail&article=MVA31-3-004-B&utm_source=price&https://www.iek.ru/products/catalog/?page=detail&article=MVA31-3-005-B&utm_source=price&https://www.iek.ru/products/catalog/?page=detail&article=MVA31-3-006-B&utm_source=price&https://www.iek.ru/products/catalog/?page=detail&article=MVA31-3-010-B&utm_source=price&https://www.iek.ru/products/catalog/?page=detail&article=MVA31-3-016-B&utm_source=price&https://www.iek.ru/products/catalog/?page=detail&article=MVA31-3-020-B&utm_source=price&https://www.iek.ru/products/catalog/?page=detail&article=MVA31-3-025-B&utm_source=price&https://www.iek.ru/products/catalog/?page=detail&article=MVA31-3-032-B&utm_source=price&https://www.iek.ru/products/catalog/?page=detail&article=MVA31-3-040-B&utm_source=price&https://www.iek.ru/products/catalog/?page=detail&article=MVA31-3-050-B&utm_source=price&https://www.iek.ru/products/catalog/?page=detail&article=MVA31-3-063-B&utm_source=price,20,Автомат,400_3P,63,1&2&3&4&5&6&10&16&20&25&32&40&50&63,"0,1"
#101020201132&#101020201133&#101020201134&#101020201135&#101020201136&#101020201137&#101020201138&#101020201139&#101020201140&#101020201141&#101020201142&#101020201143&#101020201144&#101020201145,,Автоматический выключатель ВА47-60M 4Р 6кА х-ка B IEK,ВА47-60M 4Р-B,MVA31-4-001-B&MVA31-4-002-B&MVA31-4-003-B&MVA31-4-004-B&MVA31-4-005-B&MVA31-4-006-B&MVA31-4-010-B&MVA31-4-016-B&MVA31-4-020-B&MVA31-4-025-B&MVA31-4-032-B&MVA31-4-040-B&MVA31-4-050-B&MVA31-4-063-B,IEK,шт,0,84,71,71,,https://www.iek.ru/products/catalog/?page=detail&article=MVA31-4-001-B&utm_source=price&https://www.iek.ru/products/catalog/?page=detail&article=MVA31-4-002-B&utm_source=price&https://www.iek.ru/products/catalog/?page=detail&article=MVA31-4-003-B&utm_source=price&https://www.iek.ru/products/catalog/?page=detail&article=MVA31-4-004-B&utm_source=price&https://www.iek.ru/products/catalog/?page=detail&article=MVA31-4-005-B&utm_source=price&https://www.iek.ru/products/catalog/?page=detail&article=MVA31-4-006-B&utm_source=price&https://www.iek.ru/products/catalog/?page=detail&article=MVA31-4-010-B&utm_source=price&https://www.iek.ru/products/catalog/?page=detail&article=MVA31-4-016-B&utm_source=price&https://www.iek.ru/products/catalog/?page=detail&article=MVA31-4-020-B&utm_source=price&https://www.iek.ru/products/catalog/?page=detail&article=MVA31-4-025-B&utm_source=price&https://www.iek.ru/products/catalog/?page=detail&article=MVA31-4-032-B&utm_source=price&https://www.iek.ru/products/catalog/?page=detail&article=MVA31-4-040-B&utm_source=price&https://www.iek.ru/products/catalog/?page=detail&article=MVA31-4-050-B&utm_source=price&https://www.iek.ru/products/catalog/?page=detail&article=MVA31-4-063-B&utm_source=price,20,Автомат,400_4P,63,1&2&3&4&5&6&10&16&20&25&32&40&50&63,"0,1"
#101020202015&#101020202016&#101020202017&#101020202018&#101020202019&#101020202020&#101020202021&#101020202022&#101020202023&#101020202024&#101020202025&#101020202026&#101020202027&#101020202028,,Автоматический выключатель ВА47-60M 2Р 6кА х-ка С IEK,ВА47-60M 2Р-С,MVA31-2-001-C&MVA31-2-002-C&MVA31-2-003-C&MVA31-2-004-C&MVA31-2-005-C&MVA31-2-006-C&MVA31-2-010-C&MVA31-2-016-C&MVA31-2-020-C&MVA31-2-025-C&MVA31-2-032-C&MVA31-2-040-C&MVA31-2-050-C&MVA31-2-063-C,IEK,шт,0,84,36,71,,https://www.iek.ru/products/catalog/?page=detail&article=MVA31-2-001-C&utm_source=price&https://www.iek.ru/products/catalog/?page=detail&article=MVA31-2-002-C&utm_source=price&https://www.iek.ru/products/catalog/?page=detail&article=MVA31-2-003-C&utm_source=price&https://www.iek.ru/products/catalog/?page=detail&article=MVA31-2-004-C&utm_source=price&https://www.iek.ru/products/catalog/?page=detail&article=MVA31-2-005-C&utm_source=price&https://www.iek.ru/products/catalog/?page=detail&article=MVA31-2-006-C&utm_source=price&https://www.iek.ru/products/catalog/?page=detail&article=MVA31-2-010-C&utm_source=price&https://www.iek.ru/products/catalog/?page=detail&article=MVA31-2-016-C&utm_source=price&https://www.iek.ru/products/catalog/?page=detail&article=MVA31-2-020-C&utm_source=price&https://www.iek.ru/products/catalog/?page=detail&article=MVA31-2-025-C&utm_source=price&https://www.iek.ru/products/catalog/?page=detail&article=MVA31-2-032-C&utm_source=price&https://www.iek.ru/products/catalog/?page=detail&article=MVA31-2-040-C&utm_source=price&https://www.iek.ru/products/catalog/?page=detail&article=MVA31-2-050-C&utm_source=price&https://www.iek.ru/products/catalog/?page=detail&article=MVA31-2-063-C&utm_source=price,20,Автомат,400_2P,63,1&2&3&4&5&6&10&16&20&25&32&40&50&63,"0,1"
#101020202029&#101020202030&#101020202031&#101020202032&#101020202033&#101020202034&#101020202035&#101020202036&#101020202037&#101020202038&#101020202039&#101020202040&#101020202041&#101020202042,,Автоматический выключатель ВА47-60M 3Р 6кА х-ка С IEK,ВА47-60M 3Р-С,MVA31-3-001-C&MVA31-3-002-C&MVA31-3-003-C&MVA31-3-004-C&MVA31-3-005-C&MVA31-3-006-C&MVA31-3-010-C&MVA31-3-016-C&MVA31-3-020-C&MVA31-3-025-C&MVA31-3-032-C&MVA31-3-040-C&MVA31-3-050-C&MVA31-3-063-C,IEK,шт,0,84,53,71,,https://www.iek.ru/products/catalog/?page=detail&article=MVA31-3-001-C&utm_source=price&https://www.iek.ru/products/catalog/?page=detail&article=MVA31-3-002-C&utm_source=price&https://www.iek.ru/products/catalog/?page=detail&article=MVA31-3-003-C&utm_source=price&https://www.iek.ru/products/catalog/?page=detail&article=MVA31-3-004-C&utm_source=price&https://www.iek.ru/products/catalog/?page=detail&article=MVA31-3-005-C&utm_source=price&https://www.iek.ru/products/catalog/?page=detail&article=MVA31-3-006-C&utm_source=price&https://www.iek.ru/products/catalog/?page=detail&article=MVA31-3-010-C&utm_source=price&https://www.iek.ru/products/catalog/?page=detail&article=MVA31-3-016-C&utm_source=price&https://www.iek.ru/products/catalog/?page=detail&article=MVA31-3-020-C&utm_source=price&https://www.iek.ru/products/catalog/?page=detail&article=MVA31-3-025-C&utm_source=price&https://www.iek.ru/products/catalog/?page=detail&article=MVA31-3-032-C&utm_source=price&https://www.iek.ru/products/catalog/?page=detail&article=MVA31-3-040-C&utm_source=price&https://www.iek.ru/products/catalog/?page=detail&article=MVA31-3-050-C&utm_source=price&https://www.iek.ru/products/catalog/?page=detail&article=MVA31-3-063-C&utm_source=price,20,Автомат,400_3P,63,1&2&3&4&5&6&10&16&20&25&32&40&50&63,"0,1"
#101020202043&#101020202044&#101020202045&#101020202046&#101020202047&#101020202048&#101020202049&#101020202050&#101020202051&#101020202052&#101020202053&#101020202054&#101020202055&#101020202056,,Автоматический выключатель ВА47-60M 4Р 6кА х-ка С IEK,ВА47-60M 4Р-С,MVA31-4-001-C&MVA31-4-002-C&MVA31-4-003-C&MVA31-4-004-C&MVA31-4-005-C&MVA31-4-006-C&MVA31-4-010-C&MVA31-4-016-C&MVA31-4-020-C&MVA31-4-025-C&MVA31-4-032-C&MVA31-4-040-C&MVA31-4-050-C&MVA31-4-063-C,IEK,шт,0,84,71,71,,https://www.iek.ru/products/catalog/?page=detail&article=MVA31-4-001-C&utm_source=price&https://www.iek.ru/products/catalog/?page=detail&article=MVA31-4-002-C&utm_source=price&https://www.iek.ru/products/catalog/?page=detail&article=MVA31-4-003-C&utm_source=price&https://www.iek.ru/products/catalog/?page=detail&article=MVA31-4-004-C&utm_source=price&https://www.iek.ru/products/catalog/?page=detail&article=MVA31-4-005-C&utm_source=price&https://www.iek.ru/products/catalog/?page=detail&article=MVA31-4-006-C&utm_source=price&https://www.iek.ru/products/catalog/?page=detail&article=MVA31-4-010-C&utm_source=price&https://www.iek.ru/products/catalog/?page=detail&article=MVA31-4-016-C&utm_source=price&https://www.iek.ru/products/catalog/?page=detail&article=MVA31-4-020-C&utm_source=price&https://www.iek.ru/products/catalog/?page=detail&article=MVA31-4-025-C&utm_source=price&https://www.iek.ru/products/catalog/?page=detail&article=MVA31-4-032-C&utm_source=price&https://www.iek.ru/products/catalog/?page=detail&article=MVA31-4-040-C&utm_source=price&https://www.iek.ru/products/catalog/?page=detail&article=MVA31-4-050-C&utm_source=price&https://www.iek.ru/products/catalog/?page=detail&article=MVA31-4-063-C&utm_source=price,20,Автомат,400_4P,63,1&2&3&4&5&6&10&16&20&25&32&40&50&63,"0,1"
#101020203001&#101020203002&#101020203003&#101020203004&#101020203005&#101020203006&#101020203007&#101020203008&#101020203009&#101020203010&#101020203011&#101020203012&#101020203013&#101020203014,,Автоматический выключатель ВА47-60M 1Р 6кА х-ка D IEK,ВА47-60M 1Р-D,MVA31-1-001-D&MVA31-1-002-D&MVA31-1-003-D&MVA31-1-004-D&MVA31-1-005-D&MVA31-1-006-D&MVA31-1-010-D&MVA31-1-016-D&MVA31-1-020-D&MVA31-1-025-D&MVA31-1-032-D&MVA31-1-040-D&MVA31-1-050-D&MVA31-1-063-D,IEK,шт,0,84,18,71,,https://www.iek.ru/products/catalog/?page=detail&article=MVA31-1-001-D&utm_source=price&https://www.iek.ru/products/catalog/?page=detail&article=MVA31-1-002-D&utm_source=price&https://www.iek.ru/products/catalog/?page=detail&article=MVA31-1-003-D&utm_source=price&https://www.iek.ru/products/catalog/?page=detail&article=MVA31-1-004-D&utm_source=price&https://www.iek.ru/products/catalog/?page=detail&article=MVA31-1-005-D&utm_source=price&https://www.iek.ru/products/catalog/?page=detail&article=MVA31-1-006-D&utm_source=price&https://www.iek.ru/products/catalog/?page=detail&article=MVA31-1-010-D&utm_source=price&https://www.iek.ru/products/catalog/?page=detail&article=MVA31-1-016-D&utm_source=price&https://www.iek.ru/products/catalog/?page=detail&article=MVA31-1-020-D&utm_source=price&https://www.iek.ru/products/catalog/?page=detail&article=MVA31-1-025-D&utm_source=price&https://www.iek.ru/products/catalog/?page=detail&article=MVA31-1-032-D&utm_source=price&https://www.iek.ru/products/catalog/?page=detail&article=MVA31-1-040-D&utm_source=price&https://www.iek.ru/products/catalog/?page=detail&article=MVA31-1-050-D&utm_source=price&https://www.iek.ru/products/catalog/?page=detail&article=MVA31-1-063-D&utm_source=price,20,Автомат,230/400_1P,63,1&2&3&4&5&6&10&16&20&25&32&40&50&63,"0,1"
#101020203015&#101020203016&#101020203017&#101020203018&#101020203019&#101020203020&#101020203021&#101020203022&#101020203023&#101020203024&#101020203025&#101020203026&#101020203027&#101020203028,,Автоматический выключатель ВА47-60M 2Р 6кА х-ка D IEK,ВА47-60M 2Р-D,MVA31-2-001-D&MVA31-2-002-D&MVA31-2-003-D&MVA31-2-004-D&MVA31-2-005-D&MVA31-2-006-D&MVA31-2-010-D&MVA31-2-016-D&MVA31-2-020-D&MVA31-2-025-D&MVA31-2-032-D&MVA31-2-040-D&MVA31-2-050-D&MVA31-2-063-D,IEK,шт,0,84,36,71,,https://www.iek.ru/products/catalog/?page=detail&article=MVA31-2-001-D&utm_source=price&https://www.iek.ru/products/catalog/?page=detail&article=MVA31-2-002-D&utm_source=price&https://www.iek.ru/products/catalog/?page=detail&article=MVA31-2-003-D&utm_source=price&https://www.iek.ru/products/catalog/?page=detail&article=MVA31-2-004-D&utm_source=price&https://www.iek.ru/products/catalog/?page=detail&article=MVA31-2-005-D&utm_source=price&https://www.iek.ru/products/catalog/?page=detail&article=MVA31-2-006-D&utm_source=price&https://www.iek.ru/products/catalog/?page=detail&article=MVA31-2-010-D&utm_source=price&https://www.iek.ru/products/catalog/?page=detail&article=MVA31-2-016-D&utm_source=price&https://www.iek.ru/products/catalog/?page=detail&article=MVA31-2-020-D&utm_source=price&https://www.iek.ru/products/catalog/?page=detail&article=MVA31-2-025-D&utm_source=price&https://www.iek.ru/products/catalog/?page=detail&article=MVA31-2-032-D&utm_source=price&https://www.iek.ru/products/catalog/?page=detail&article=MVA31-2-040-D&utm_source=price&https://www.iek.ru/products/catalog/?page=detail&article=MVA31-2-050-D&utm_source=price&https://www.iek.ru/products/catalog/?page=detail&article=MVA31-2-063-D&utm_source=price,20,Автомат,400_2P,63,1&2&3&4&5&6&10&16&20&25&32&40&50&63,"0,1"
#101020203029&#101020203030&#101020203031&#101020203032&#101020203033&#101020203034&#101020203035&#101020203036&#101020203037&#101020203038&#101020203039&#101020203040&#101020203041&#101020203042,,Автоматический выключатель ВА47-60M 3Р 6кА х-ка D IEK,ВА47-60M 3Р-D,MVA31-3-001-D&MVA31-3-002-D&MVA31-3-003-D&MVA31-3-004-D&MVA31-3-005-D&MVA31-3-006-D&MVA31-3-010-D&MVA31-3-016-D&MVA31-3-020-D&MVA31-3-025-D&MVA31-3-032-D&MVA31-3-040-D&MVA31-3-050-D&MVA31-3-063-D,IEK,шт,0,84,53,71,,https://www.iek.ru/products/catalog/?page=detail&article=MVA31-3-001-D&utm_source=price&https://www.iek.ru/products/catalog/?page=detail&article=MVA31-3-002-D&utm_source=price&https://www.iek.ru/products/catalog/?page=detail&article=MVA31-3-003-D&utm_source=price&https://www.iek.ru/products/catalog/?page=detail&article=MVA31-3-004-D&utm_source=price&https://www.iek.ru/products/catalog/?page=detail&article=MVA31-3-005-D&utm_source=price&https://www.iek.ru/products/catalog/?page=detail&article=MVA31-3-006-D&utm_source=price&https://www.iek.ru/products/catalog/?page=detail&article=MVA31-3-010-D&utm_source=price&https://www.iek.ru/products/catalog/?page=detail&article=MVA31-3-016-D&utm_source=price&https://www.iek.ru/products/catalog/?page=detail&article=MVA31-3-020-D&utm_source=price&https://www.iek.ru/products/catalog/?page=detail&article=MVA31-3-025-D&utm_source=price&https://www.iek.ru/products/catalog/?page=detail&article=MVA31-3-032-D&utm_source=price&https://www.iek.ru/products/catalog/?page=detail&article=MVA31-3-040-D&utm_source=price&https://www.iek.ru/products/catalog/?page=detail&article=MVA31-3-050-D&utm_source=price&https://www.iek.ru/products/catalog/?page=detail&article=MVA31-3-063-D&utm_source=price,20,Автомат,400_3P,63,1&2&3&4&5&6&10&16&20&25&32&40&50&63,"0,1"
#101020203043&#101020203044&#101020203045&#101020203046&#101020203047&#101020203048&#101020203049&#101020203050&#101020203051&#101020203052&#101020203053&#101020203054&#101020203055&#101020203056,,Автоматический выключатель ВА47-60M 4Р 6кА х-ка D IEK,ВА47-60M 4Р-D,MVA31-4-001-D&MVA31-4-002-D&MVA31-4-003-D&MVA31-4-004-D&MVA31-4-005-D&MVA31-4-006-D&MVA31-4-010-D&MVA31-4-016-D&MVA31-4-020-D&MVA31-4-025-D&MVA31-4-032-D&MVA31-4-040-D&MVA31-4-050-D&MVA31-4-063-D,IEK,шт,0,84,71,71,,https://www.iek.ru/products/catalog/?page=detail&article=MVA31-4-001-D&utm_source=price&https://www.iek.ru/products/catalog/?page=detail&article=MVA31-4-002-D&utm_source=price&https://www.iek.ru/products/catalog/?page=detail&article=MVA31-4-003-D&utm_source=price&https://www.iek.ru/products/catalog/?page=detail&article=MVA31-4-004-D&utm_source=price&https://www.iek.ru/products/catalog/?page=detail&article=MVA31-4-005-D&utm_source=price&https://www.iek.ru/products/catalog/?page=detail&article=MVA31-4-006-D&utm_source=price&https://www.iek.ru/products/catalog/?page=detail&article=MVA31-4-010-D&utm_source=price&https://www.iek.ru/products/catalog/?page=detail&article=MVA31-4-016-D&utm_source=price&https://www.iek.ru/products/catalog/?page=detail&article=MVA31-4-020-D&utm_source=price&https://www.iek.ru/products/catalog/?page=detail&article=MVA31-4-025-D&utm_source=price&https://www.iek.ru/products/catalog/?page=detail&article=MVA31-4-032-D&utm_source=price&https://www.iek.ru/products/catalog/?page=detail&article=MVA31-4-040-D&utm_source=price&https://www.iek.ru/products/catalog/?page=detail&article=MVA31-4-050-D&utm_source=price&https://www.iek.ru/products/catalog/?page=detail&article=MVA31-4-063-D&utm_source=price,20,Автомат,400_4P,63,1&2&3&4&5&6&10&16&20&25&32&40&50&63,"0,1"
#101020204001&#101020204002&#101020204003&#101020204004&#101020204005&#101020204006&#101020204007&#101020204008,,,ВА47-60МА 1P-D,MVA33-1-006-D&MVA33-1-010-D&MVA33-1-016-D&MVA33-1-020-D&MVA33-1-025-D&MVA33-1-032-D&MVA33-1-040-D&MVA33-1-063-D,IEK,шт,0,#Н/Д,#Н/Д,#Н/Д,,https://www.iek.ru/products/catalog/?page=detail&article=MVA33-1-006-D&utm_source=price&https://www.iek.ru/products/catalog/?page=detail&article=MVA33-1-010-D&utm_source=price&https://www.iek.ru/products/catalog/?page=detail&article=MVA33-1-016-D&utm_source=price&https://www.iek.ru/products/catalog/?page=detail&article=MVA33-1-020-D&utm_source=price&https://www.iek.ru/products/catalog/?page=detail&article=MVA33-1-025-D&utm_source=price&https://www.iek.ru/products/catalog/?page=detail&article=MVA33-1-032-D&utm_source=price&https://www.iek.ru/products/catalog/?page=detail&article=MVA33-1-040-D&utm_source=price&https://www.iek.ru/products/catalog/?page=detail&article=MVA33-1-063-D&utm_source=price,20,Автомат,#Н/Д,63,6&10&16&20&25&32&40&63,"0,1"
#101020204009&#101020204010&#101020204011&#101020204012&#101020204013&#101020204014&#101020204015&#101020204016&#101020204017&#101020204018,,,ВА47-60МА 3P-D,MVA33-3-006-D&MVA33-3-010-D&MVA33-3-013-D&MVA33-3-016-D&MVA33-3-020-D&MVA33-3-025-D&MVA33-3-032-D&MVA33-3-040-D&MVA33-3-050-D&MVA33-3-063-D,IEK,шт,0,#Н/Д,#Н/Д,#Н/Д,,https://www.iek.ru/products/catalog/?page=detail&article=MVA33-3-006-D&utm_source=price&https://www.iek.ru/products/catalog/?page=detail&article=MVA33-3-010-D&utm_source=price&https://www.iek.ru/products/catalog/?page=detail&article=MVA33-3-013-D&utm_source=price&https://www.iek.ru/products/catalog/?page=detail&article=MVA33-3-016-D&utm_source=price&https://www.iek.ru/products/catalog/?page=detail&article=MVA33-3-020-D&utm_source=price&https://www.iek.ru/products/catalog/?page=detail&article=MVA33-3-025-D&utm_source=price&https://www.iek.ru/products/catalog/?page=detail&article=MVA33-3-032-D&utm_source=price&https://www.iek.ru/products/catalog/?page=detail&article=MVA33-3-040-D&utm_source=price&https://www.iek.ru/products/catalog/?page=detail&article=MVA33-3-050-D&utm_source=price&https://www.iek.ru/products/catalog/?page=detail&article=MVA33-3-063-D&utm_source=price,20,Автомат,#Н/Д,63,6&10&13&16&20&25&32&40&50&63,"0,1"
#101020301001&#101020301002&#101020301003&#101020301004&#101020301005&#101020301006&#101020301007&#101020301008&#101020301009&#101020301010&#101020301011,,Автоматический выключатель ВА47-100 1P 10кА х-ка C IEK,ВА47-100 1P-C,MVA40-1-006-C&MVA40-1-010-C&MVA40-1-016-C&MVA40-1-020-C&MVA40-1-025-C&MVA40-1-032-C&MVA40-1-040-C&MVA40-1-050-C&MVA40-1-063-C&MVA40-1-080-C&MVA40-1-100-C,IEK,шт,0,84,18,71,,https://www.iek.ru/products/catalog/?page=detail&article=MVA40-1-006-C&utm_source=price&https://www.iek.ru/products/catalog/?page=detail&article=MVA40-1-010-C&utm_source=price&https://www.iek.ru/products/catalog/?page=detail&article=MVA40-1-016-C&utm_source=price&https://www.iek.ru/products/catalog/?page=detail&article=MVA40-1-020-C&utm_source=price&https://www.iek.ru/products/catalog/?page=detail&article=MVA40-1-025-C&utm_source=price&https://www.iek.ru/products/catalog/?page=detail&article=MVA40-1-032-C&utm_source=price&https://www.iek.ru/products/catalog/?page=detail&article=MVA40-1-040-C&utm_source=price&https://www.iek.ru/products/catalog/?page=detail&article=MVA40-1-050-C&utm_source=price&https://www.iek.ru/products/catalog/?page=detail&article=MVA40-1-063-C&utm_source=price&https://www.iek.ru/products/catalog/?page=detail&article=MVA40-1-080-C&utm_source=price&https://www.iek.ru/products/catalog/?page=detail&article=MVA40-1-100-C&utm_source=price,20,Автомат,230/400_1P,100,6&10&16&20&25&32&40&50&63&80&100,"0,1"
#101020301012&#101020301013&#101020301014&#101020301015&#101020301016&#101020301017&#101020301018&#101020301019&#101020301020&#101020301021&#101020301022,,Автоматический выключатель ВА47-100 2P 10кА х-ка C IEK,ВА47-100 2P-C,MVA40-2-006-C&MVA40-2-010-C&MVA40-2-016-C&MVA40-2-020-C&MVA40-2-025-C&MVA40-2-032-C&MVA40-2-040-C&MVA40-2-050-C&MVA40-2-063-C&MVA40-2-080-C&MVA40-2-100-C,IEK,шт,0,84,36,71,,https://www.iek.ru/products/catalog/?page=detail&article=MVA40-2-006-C&utm_source=price&https://www.iek.ru/products/catalog/?page=detail&article=MVA40-2-010-C&utm_source=price&https://www.iek.ru/products/catalog/?page=detail&article=MVA40-2-016-C&utm_source=price&https://www.iek.ru/products/catalog/?page=detail&article=MVA40-2-020-C&utm_source=price&https://www.iek.ru/products/catalog/?page=detail&article=MVA40-2-025-C&utm_source=price&https://www.iek.ru/products/catalog/?page=detail&article=MVA40-2-032-C&utm_source=price&https://www.iek.ru/products/catalog/?page=detail&article=MVA40-2-040-C&utm_source=price&https://www.iek.ru/products/catalog/?page=detail&article=MVA40-2-050-C&utm_source=price&https://www.iek.ru/products/catalog/?page=detail&article=MVA40-2-063-C&utm_source=price&https://www.iek.ru/products/catalog/?page=detail&article=MVA40-2-080-C&utm_source=price&https://www.iek.ru/products/catalog/?page=detail&article=MVA40-2-100-C&utm_source=price,20,Автомат,400_2P,100,6&10&16&20&25&32&40&50&63&80&100,"0,1"
#101020301023&#101020301024&#101020301025&#101020301026&#101020301027&#101020301028&#101020301029&#101020301030&#101020301031&#101020301032&#101020301033&#101020301034,,Автоматический выключатель ВА47-100 3P 10кА х-ка C IEK,ВА47-100 3P-C,MVA40-3-006-C&MVA40-3-010-C&MVA40-3-016-C&MVA40-3-020-C&MVA40-3-025-C&MVA40-3-032-C&MVA40-3-035-C&MVA40-3-040-C&MVA40-3-050-C&MVA40-3-063-C&MVA40-3-080-C&MVA40-3-100-C,IEK,шт,0,84,53,71,,https://www.iek.ru/products/catalog/?page=detail&article=MVA40-3-006-C&utm_source=price&https://www.iek.ru/products/catalog/?page=detail&article=MVA40-3-010-C&utm_source=price&https://www.iek.ru/products/catalog/?page=detail&article=MVA40-3-016-C&utm_source=price&https://www.iek.ru/products/catalog/?page=detail&article=MVA40-3-020-C&utm_source=price&https://www.iek.ru/products/catalog/?page=detail&article=MVA40-3-025-C&utm_source=price&https://www.iek.ru/products/catalog/?page=detail&article=MVA40-3-032-C&utm_source=price&https://www.iek.ru/products/catalog/?page=detail&article=MVA40-3-035-C&utm_source=price&https://www.iek.ru/products/catalog/?page=detail&article=MVA40-3-040-C&utm_source=price&https://www.iek.ru/products/catalog/?page=detail&article=MVA40-3-050-C&utm_source=price&https://www.iek.ru/products/catalog/?page=detail&article=MVA40-3-063-C&utm_source=price&https://www.iek.ru/products/catalog/?page=detail&article=MVA40-3-080-C&utm_source=price&https://www.iek.ru/products/catalog/?page=detail&article=MVA40-3-100-C&utm_source=price,20,Автомат,400_3P,100,6&10&16&20&25&32&35&40&50&63&80&100,"0,1"
#101020301035&#101020301036&#101020301037&#101020301038&#101020301039&#101020301040&#101020301041&#101020301042&#101020301043&#101020301044&#101020301045,,Автоматический выключатель ВА47-100 4P 10кА х-ка C IEK,ВА47-100 4P-C,MVA40-4-006-C&MVA40-4-016-C&MVA40-4-020-C&MVA40-4-025-C&MVA40-4-032-C&MVA40-4-035-C&MVA40-4-040-C&MVA40-4-050-C&MVA40-4-063-C&MVA40-4-080-C&MVA40-4-100-C,IEK,шт,0,84,71,71,,https://www.iek.ru/products/catalog/?page=detail&article=MVA40-4-006-C&utm_source=price&https://www.iek.ru/products/catalog/?page=detail&article=MVA40-4-016-C&utm_source=price&https://www.iek.ru/products/catalog/?page=detail&article=MVA40-4-020-C&utm_source=price&https://www.iek.ru/products/catalog/?page=detail&article=MVA40-4-025-C&utm_source=price&https://www.iek.ru/products/catalog/?page=detail&article=MVA40-4-032-C&utm_source=price&https://www.iek.ru/products/catalog/?page=detail&article=MVA40-4-035-C&utm_source=price&https://www.iek.ru/products/catalog/?page=detail&article=MVA40-4-040-C&utm_source=price&https://www.iek.ru/products/catalog/?page=detail&article=MVA40-4-050-C&utm_source=price&https://www.iek.ru/products/catalog/?page=detail&article=MVA40-4-063-C&utm_source=price&https://www.iek.ru/products/catalog/?page=detail&article=MVA40-4-080-C&utm_source=price&https://www.iek.ru/products/catalog/?page=detail&article=MVA40-4-100-C&utm_source=price,20,Автомат,400_4P,100,6&16&20&25&32&35&40&50&63&80&100,"0,1"
#101020302001&#101020302002&#101020302003&#101020302004&#101020302005&#101020302006&#101020302007&#101020302008&#101020302009&#101020302010&#101020302011,,Автоматический выключатель ВА47-100 1P 10кА х-ка D IEK,ВА47-100 1P-D,MVA40-1-006-D&MVA40-1-010-D&MVA40-1-016-D&MVA40-1-020-D&MVA40-1-025-D&MVA40-1-032-D&MVA40-1-040-D&MVA40-1-050-D&MVA40-1-063-D&MVA40-1-080-D&MVA40-1-100-D,IEK,шт,0,84,18,71,,https://www.iek.ru/products/catalog/?page=detail&article=MVA40-1-006-D&utm_source=price&https://www.iek.ru/products/catalog/?page=detail&article=MVA40-1-010-D&utm_source=price&https://www.iek.ru/products/catalog/?page=detail&article=MVA40-1-016-D&utm_source=price&https://www.iek.ru/products/catalog/?page=detail&article=MVA40-1-020-D&utm_source=price&https://www.iek.ru/products/catalog/?page=detail&article=MVA40-1-025-D&utm_source=price&https://www.iek.ru/products/catalog/?page=detail&article=MVA40-1-032-D&utm_source=price&https://www.iek.ru/products/catalog/?page=detail&article=MVA40-1-040-D&utm_source=price&https://www.iek.ru/products/catalog/?page=detail&article=MVA40-1-050-D&utm_source=price&https://www.iek.ru/products/catalog/?page=detail&article=MVA40-1-063-D&utm_source=price&https://www.iek.ru/products/catalog/?page=detail&article=MVA40-1-080-D&utm_source=price&https://www.iek.ru/products/catalog/?page=detail&article=MVA40-1-100-D&utm_source=price,20,Автомат,230/400_1P,100,6&10&16&20&25&32&40&50&63&80&100,"0,1"
#101020302012&#101020302013&#101020302014&#101020302015&#101020302016&#101020302017&#101020302018&#101020302019&#101020302020&#101020302021,,Автоматический выключатель ВА47-100 2P 10кА х-ка D IEK,ВА47-100 2P-D,MVA40-2-006-D&MVA40-2-010-D&MVA40-2-016-D&MVA40-2-020-D&MVA40-2-032-D&MVA40-2-040-D&MVA40-2-050-D&MVA40-2-063-D&MVA40-2-080-D&MVA40-2-100-D,IEK,шт,0,84,36,71,,https://www.iek.ru/products/catalog/?page=detail&article=MVA40-2-006-D&utm_source=price&https://www.iek.ru/products/catalog/?page=detail&article=MVA40-2-010-D&utm_source=price&https://www.iek.ru/products/catalog/?page=detail&article=MVA40-2-016-D&utm_source=price&https://www.iek.ru/products/catalog/?page=detail&article=MVA40-2-020-D&utm_source=price&https://www.iek.ru/products/catalog/?page=detail&article=MVA40-2-032-D&utm_source=price&https://www.iek.ru/products/catalog/?page=detail&article=MVA40-2-040-D&utm_source=price&https://www.iek.ru/products/catalog/?page=detail&article=MVA40-2-050-D&utm_source=price&https://www.iek.ru/products/catalog/?page=detail&article=MVA40-2-063-D&utm_source=price&https://www.iek.ru/products/catalog/?page=detail&article=MVA40-2-080-D&utm_source=price&https://www.iek.ru/products/catalog/?page=detail&article=MVA40-2-100-D&utm_source=price,20,Автомат,400_2P,100,6&10&16&20&32&40&50&63&80&100,"0,1"
#101020302022&#101020302023&#101020302024&#101020302025&#101020302026&#101020302027&#101020302028&#101020302029&#101020302030&#101020302031&#101020302032&#101020302033,,Автоматический выключатель ВА47-100 3P 10кА х-ка D IEK,ВА47-100 3P-D,MVA40-3-006-D&MVA40-3-010-D&MVA40-3-016-D&MVA40-3-020-D&MVA40-3-025-D&MVA40-3-032-D&MVA40-3-035-D&MVA40-3-040-D&MVA40-3-050-D&MVA40-3-063-D&MVA40-3-080-D&MVA40-3-100-D,IEK,шт,0,84,53,71,,https://www.iek.ru/products/catalog/?page=detail&article=MVA40-3-006-D&utm_source=price&https://www.iek.ru/products/catalog/?page=detail&article=MVA40-3-010-D&utm_source=price&https://www.iek.ru/products/catalog/?page=detail&article=MVA40-3-016-D&utm_source=price&https://www.iek.ru/products/catalog/?page=detail&article=MVA40-3-020-D&utm_source=price&https://www.iek.ru/products/catalog/?page=detail&article=MVA40-3-025-D&utm_source=price&https://www.iek.ru/products/catalog/?page=detail&article=MVA40-3-032-D&utm_source=price&https://www.iek.ru/products/catalog/?page=detail&article=MVA40-3-035-D&utm_source=price&https://www.iek.ru/products/catalog/?page=detail&article=MVA40-3-040-D&utm_source=price&https://www.iek.ru/products/catalog/?page=detail&article=MVA40-3-050-D&utm_source=price&https://www.iek.ru/products/catalog/?page=detail&article=MVA40-3-063-D&utm_source=price&https://www.iek.ru/products/catalog/?page=detail&article=MVA40-3-080-D&utm_source=price&https://www.iek.ru/products/catalog/?page=detail&article=MVA40-3-100-D&utm_source=price,20,Автомат,400_3P,100,6&10&16&20&25&32&35&40&50&63&80&100,"0,1"
#101020302034&#101020302035&#101020302036&#101020302037&#101020302038&#101020302039&#101020302040&#101020302041&#101020302042&#101020302043,,Автоматический выключатель ВА47-100 4P 10кА х-ка D IEK,ВА47-100 4P-D,MVA40-4-006-D&MVA40-4-016-D&MVA40-4-020-D&MVA40-4-025-D&MVA40-4-032-D&MVA40-4-040-D&MVA40-4-050-D&MVA40-4-063-D&MVA40-4-080-D&MVA40-4-100-D,IEK,шт,0,84,71,71,,https://www.iek.ru/products/catalog/?page=detail&article=MVA40-4-006-D&utm_source=price&https://www.iek.ru/products/catalog/?page=detail&article=MVA40-4-020-D&utm_source=price&https://www.iek.ru/products/catalog/?page=detail&article=MVA40-4-020-D&utm_source=price&https://www.iek.ru/products/catalog/?page=detail&article=MVA40-4-025-D&utm_source=price&https://www.iek.ru/products/catalog/?page=detail&article=MVA40-4-032-D&utm_source=price&https://www.iek.ru/products/catalog/?page=detail&article=MVA40-4-040-D&utm_source=price&https://www.iek.ru/products/catalog/?page=detail&article=MVA40-4-050-D&utm_source=price&https://www.iek.ru/products/catalog/?page=detail&article=MVA40-4-063-D&utm_source=price&https://www.iek.ru/products/catalog/?page=detail&article=MVA40-4-080-D&utm_source=price&https://www.iek.ru/products/catalog/?page=detail&article=MVA40-4-100-D&utm_source=price,20,Автомат,400_4P,100,6&16&20&25&32&40&50&63&80&100,"0,1"
#101020303001&#101020303002&#101020303003&#101020303004,,Автоматический выключатель ВА47-150 1Р 15кА х-ка C IEK,ВА47-150 1Р-C,MVA50-1-063-C&MVA50-1-080-C&MVA50-1-100-C&MVA50-1-125-C,IEK,шт,0,84,18,71,,https://www.iek.ru/products/catalog/?page=detail&article=MVA50-1-063-C&utm_source=price&https://www.iek.ru/products/catalog/?page=detail&article=MVA50-1-080-C&utm_source=price&https://www.iek.ru/products/catalog/?page=detail&article=MVA50-1-100-C&utm_source=price&https://www.iek.ru/products/catalog/?page=detail&article=MVA50-1-125-C&utm_source=price,20,Автомат,230/400_1P,125,63&80&100&125,"0,1"
#101020401001&#101020401002&#101020401003&#101020401004,,Автоматический выключатель ВА47-150 2Р 15кА х-ка C IEK,ВА47-150 2Р-C,MVA50-2-063-C&MVA50-2-080-C&MVA50-2-100-C&MVA50-2-125-C,IEK,шт,0,84,36,71,,https://www.iek.ru/products/catalog/?page=detail&article=MVA50-2-063-C&utm_source=price&https://www.iek.ru/products/catalog/?page=detail&article=MVA50-2-080-C&utm_source=price&https://www.iek.ru/products/catalog/?page=detail&article=MVA50-2-100-C&utm_source=price&https://www.iek.ru/products/catalog/?page=detail&article=MVA50-2-125-C&utm_source=price,20,Автомат,400_2P,125,63&80&100&125,"0,1"
#101020401005&#101020401006&#101020401007&#101020401008,,Автоматический выключатель ВА47-150 3Р 15кА х-ка C IEK,ВА47-150 3Р-C,MVA50-3-063-C&MVA50-3-080-C&MVA50-3-100-C&MVA50-3-125-C,IEK,шт,0,84,53,71,,https://www.iek.ru/products/catalog/?page=detail&article=MVA50-3-063-C&utm_source=price&https://www.iek.ru/products/catalog/?page=detail&article=MVA50-3-080-C&utm_source=price&https://www.iek.ru/products/catalog/?page=detail&article=MVA50-3-100-C&utm_source=price&https://www.iek.ru/products/catalog/?page=detail&article=MVA50-3-125-C&utm_source=price,20,Автомат,400_3P,125,63&80&100&125,"0,1"
#101020401009&#101020401010&#101020401011&#101020401012,,Автоматический выключатель ВА47-150 4Р 15кА х-ка C IEK,ВА47-150 4Р-C,MVA50-4-063-C&MVA50-4-080-C&MVA50-4-100-C&MVA50-4-125-C,IEK,шт,0,84,71,71,,https://www.iek.ru/products/catalog/?page=detail&article=MVA50-4-063-C&utm_source=price&https://www.iek.ru/products/catalog/?page=detail&article=MVA50-4-080-C&utm_source=price&https://www.iek.ru/products/catalog/?page=detail&article=MVA50-4-100-C&utm_source=price&https://www.iek.ru/products/catalog/?page=detail&article=MVA50-4-125-C&utm_source=price,20,Автомат,400_4P,125,63&80&100&125,"0,1"
#101020402001&#101020402002&#101020402003&#101020402004,,Автоматический выключатель ВА47-150 1Р 15кА х-ка D IEK,ВА47-150 1Р-D,MVA50-1-063-D&MVA50-1-080-D&MVA50-1-100-D&MVA50-1-125-D,IEK,шт,0,84,18,71,,https://www.iek.ru/products/catalog/?page=detail&article=MVA50-1-063-D&utm_source=price&https://www.iek.ru/products/catalog/?page=detail&article=MVA50-1-080-D&utm_source=price&https://www.iek.ru/products/catalog/?page=detail&article=MVA50-1-100-D&utm_source=price&https://www.iek.ru/products/catalog/?page=detail&article=MVA50-1-125-D&utm_source=price,20,Автомат,230/400_1P,125,63&80&100&125,"0,1"
#101020402005&#101020402006&#101020402007&#101020402008,,Автоматический выключатель ВА47-150 2Р 15кА х-ка D IEK,ВА47-150 2Р-D,MVA50-2-063-D&MVA50-2-080-D&MVA50-2-100-D&MVA50-2-125-D,IEK,шт,0,84,36,71,,https://www.iek.ru/products/catalog/?page=detail&article=MVA50-2-063-D&utm_source=price&https://www.iek.ru/products/catalog/?page=detail&article=MVA50-2-063-D&utm_source=price&https://www.iek.ru/products/catalog/?page=detail&article=MVA50-2-100-D&utm_source=price&https://www.iek.ru/products/catalog/?page=detail&article=MVA50-2-125-D&utm_source=price,20,Автомат,400_2P,125,63&80&100&125,"0,1"
#101020402009&#101020402010&#101020402011&#101020402012,,Автоматический выключатель ВА47-150 3Р 15кА х-ка D IEK,ВА47-150 3Р-D,MVA50-3-063-D&MVA50-3-080-D&MVA50-3-100-D&MVA50-3-125-D,IEK,шт,0,84,53,71,,https://www.iek.ru/products/catalog/?page=detail&article=MVA50-3-063-D&utm_source=price&https://www.iek.ru/products/catalog/?page=detail&article=MVA50-3-080-D&utm_source=price&https://www.iek.ru/products/catalog/?page=detail&article=MVA50-3-100-D&utm_source=price&https://www.iek.ru/products/catalog/?page=detail&article=MVA50-3-125-D&utm_source=price,20,Автомат,400_3P,125,63&80&100&125,"0,1"
#101020402013&#101020402014&#101020402015&#101020402016,,Автоматический выключатель ВА47-150 4Р 15кА х-ка D IEK,ВА47-150 4Р-D,MVA50-4-063-D&MVA50-4-080-D&MVA50-4-100-D&MVA50-4-125-D,IEK,шт,0,84,71,71,,https://www.iek.ru/products/catalog/?page=detail&article=MVA50-4-063-D&utm_source=price&https://www.iek.ru/products/catalog/?page=detail&article=MVA50-4-080-D&utm_source=price&https://www.iek.ru/products/catalog/?page=detail&article=MVA50-4-100-D&utm_source=price&https://www.iek.ru/products/catalog/?page=detail&article=MVA50-4-125-D&utm_source=price,20,Автомат,400_4P,125,63&80&100&125,"0,1"
